{
    "plddts": {
        "model_1_pred_0": 56.388519826778186,
        "model_2_pred_0": 50.358231466350674,
        "model_3_pred_0": 52.6955308903337,
        "model_4_pred_0": 52.91391468228323,
        "model_5_pred_0": 53.36958514662614
    },
    "order": [
        "model_1_pred_0",
        "model_5_pred_0",
        "model_4_pred_0",
        "model_3_pred_0",
        "model_2_pred_0"
    ]
}